{"datetime": "2020-03-20 15:07:42.261413", "MAX_x1": 0.3141592653589793, "MIN_x1": -0.3141592653589793, "DELTA_x1": 0.031415926535897934, "MAX_x2": 0.3141592653589793, "MIN_x2": -0.3141592653589793, "DELTA_x2": 0.015707963267948967, "MASS": 0.6, "LENGTH": 2.0, "DRAG": 0.0, "u_set": [-2.0, 0.0, 2.0]}