{"datetime": "2020-03-20 18:05:08.527036", "MAX_x1": 6.283185307179586, "MIN_x1": -6.283185307179586, "DELTA_x1": 0.05235987755982988, "MAX_x2": 18.84955592153876, "MIN_x2": -18.84955592153876, "DELTA_x2": 0.15707963267948966, "MASS": 0.6, "LENGTH": 2.0, "DRAG": 0.0, "u_set": [-2.0, 0.0, 2.0]}