{"datetime": "2020-03-19 08:04:32.755975", "MAX_x1": 0.6283185307179586, "MIN_x1": -0.6283185307179586, "DELTA_x1": 0.017453292519943295, "MAX_x2": 3.141592653589793, "MIN_x2": -3.141592653589793, "DELTA_x2": 0.015707963267948967, "MASS": 0.6, "LENGTH": 2.0, "DRAG": 0.0, "u_set": [-2.0, 0.0, 2.0]}